,batch size,epochs,width,height,act,loss_mean,loss_std,val_loss_mean,val_loss_std
0,10,50,0,1,relu,368.6899810791016,111.42237495904537,364.1908020019531,83.93585088360352
1,10,50,0,2,relu,24.171785163879395,10.952943404210814,23.752266120910644,7.895174661721694
2,10,50,0,4,relu,20.218428802490234,7.28872010094051,22.072529792785645,7.47203913160391
3,10,50,0,8,relu,18.06640167236328,8.231110536258502,20.1509388923645,7.879920163144599
4,10,50,0,10,relu,14.046825218200684,6.9320154140626995,15.493893337249755,7.253016216802453
5,10,50,0,12,relu,12.237713241577149,4.74898473160961,13.638663387298584,5.965986833279262
6,10,50,0,16,relu,12.450204753875733,5.9667298044806225,14.758136081695557,7.3474237936077635
7,10,50,0,24,relu,10.339164066314698,3.9192487030292282,12.910498905181885,6.859447145975325
8,10,50,0,42,relu,8.621439743041993,3.4587557814338155,11.153054523468018,5.4935770384350135
